{
	"description": "项目配置文件。",
	"setting": {
		"urlCheck": false,
		"es6": true,
		"postcss": true,
		"minified": true,
		"newFeature": true
	},
	"compileType": "miniprogram",
	"libVersion": "1.7.2",
	"appid": "wx7bc66870ec48eb2b",
	"projectname": "%E5%B0%BC%E7%BD%97%E6%B2%B3%E8%BD%A6%E9%99%A9%E6%9F%A5%E5%8B%98",
	"condition": {
		"search": {
			"current": -1,
			"list": []
		},
		"conversation": {
			"current": -1,
			"list": []
		},
		"miniprogram": {
			"current": -1,
			"list": []
		}
	}
}